strategy,gan_run_id,num_rows,acc_mean,acc_std,prec_mean,prec_std,rec_mean,rec_std,f1_mean,f1_std,auc_mean,auc_std,tn_mean,tn_std,fp_mean,fp_std,fn_mean,fn_std,tp_mean,tp_std,gan_training_time_sec_mean,gan_training_time_sec_std,synthetic_generation_time_sec_mean,synthetic_generation_time_sec_std,classifier_training_time_sec_mean,classifier_training_time_sec_std,classifier_eval_time_sec_mean,classifier_eval_time_sec_std,ratio_mean,ratio_std,synthetic_class0_count_mean,synthetic_class0_count_std,synthetic_class1_count_mean,synthetic_class1_count_std,total_synthetic_count_mean,total_synthetic_count_std,balanced_dataset_size_mean,balanced_dataset_size_std,total_real_samples_mean,total_real_samples_std,real_class0_count_mean,real_class0_count_std,real_class1_count_mean,real_class1_count_std
baseline,1,60,0.7276709401709403,0.03613875819214186,0.7519516026174613,0.031219907301816494,0.9466374269005847,0.11045077324965298,0.8325220187433072,0.042785975725747126,0.5399853801169592,0.05388270717486444,5.6,8.503332679994747,36.4,8.503332679994747,6.083333333333333,12.59138815046044,107.91666666666667,12.59138815046044,0.0,0.0,0.0,0.0,0.2995957771937052,0.008976281450789509,0.11227325598398845,0.0009802884329311822,0.2692307692307692,0.0,0.0,0.0,0.0,0.0,0.0,0.0,546.0,0.0,546.0,0.0,147.0,0.0,399.0,0.0
baseline,2,60,0.7283119658119658,0.04528339409268843,0.7549902765591475,0.04286972278749684,0.9469298245614034,0.12827654005879335,0.830816699873283,0.06473058027052345,0.5409252297410192,0.057351137422799306,5.666666666666667,9.296355319275518,36.333333333333336,9.296355319275518,6.05,14.623525566702444,107.95,14.623525566702444,0.0,0.0,0.0,0.0,0.2956184188524882,0.009378112980398,0.11210354963938395,0.0011176864236272733,0.2692307692307692,0.0,0.0,0.0,0.0,0.0,0.0,0.0,546.0,0.0,546.0,0.0,147.0,0.0,399.0,0.0
baseline,3,60,0.7380341880341881,0.0185590177355628,0.7509587332587505,0.026222039329642604,0.9654970760233917,0.060091809880540775,0.8428878721089454,0.016223317449350343,0.5430659983291563,0.05224600514753914,5.066666666666666,6.5494698682836585,36.93333333333333,6.5494698682836585,3.933333333333333,6.850466326381649,110.06666666666666,6.850466326381649,0.0,0.0,0.0,0.0,0.29348002274831136,0.00878153177562738,0.11191705465316773,0.0010722045266598177,0.2692307692307692,0.0,0.0,0.0,0.0,0.0,0.0,0.0,546.0,0.0,546.0,0.0,147.0,0.0,399.0,0.0
baseline,4,60,0.7340811965811965,0.037805872631190514,0.7640072273469938,0.0325494142533177,0.9302631578947369,0.10751042905980122,0.8335721459718699,0.04209429500270722,0.5659252297410192,0.05572885808568045,8.466666666666667,8.351580023497883,33.53333333333333,8.351580023497883,7.95,12.25618891281734,106.05,12.25618891281734,0.0,0.0,0.0,0.0,0.2989705761273702,0.009270354404829404,0.11251668135325114,0.001411397360664992,0.2692307692307692,0.0,0.0,0.0,0.0,0.0,0.0,0.0,546.0,0.0,546.0,0.0,147.0,0.0,399.0,0.0
baseline,5,60,0.7246794871794872,0.05476206427792727,0.7641472779590274,0.041110694500463806,0.9176900584795321,0.1441383307235664,0.8232787287848969,0.07317693665676422,0.5592418546365915,0.061539479248118194,8.433333333333334,9.960533229813663,33.56666666666667,9.960533229813663,9.383333333333333,16.43176970248657,104.61666666666666,16.43176970248657,0.0,0.0,0.0,0.0,0.29930641651153567,0.009465643707277654,0.11175628503163655,0.0013861802367998747,0.2692307692307692,0.0,0.0,0.0,0.0,0.0,0.0,0.0,546.0,0.0,546.0,0.0,147.0,0.0,399.0,0.0
baseline,6,60,0.7236111111111112,0.05258874326907604,0.7652317941047682,0.040300071503846076,0.9131578947368422,0.1445790385541693,0.822246243013156,0.06824998681393997,0.5611424394319131,0.060564193224600486,8.783333333333333,10.089750024433489,33.21666666666667,10.089750024433487,9.9,16.4820103951753,104.1,16.4820103951753,0.0,0.0,0.0,0.0,0.29969753821690875,0.008907508574532227,0.11262667576471964,0.0010618802065141372,0.2692307692307692,0.0,0.0,0.0,0.0,0.0,0.0,0.0,546.0,0.0,546.0,0.0,147.0,0.0,399.0,0.0
baseline,7,60,0.7177350427350428,0.06310079054153106,0.7610881899581847,0.04217059760199194,0.9135964912280701,0.16420797250225871,0.8167853486258674,0.08546577582197097,0.5498538011695906,0.06311417811889491,7.816666666666666,10.820492389699998,34.18333333333333,10.820492389699996,9.85,18.71970886525749,104.15,18.719708865257495,0.0,0.0,0.0,0.0,0.30126221974690753,0.009968564983365971,0.11243712107340495,0.0012485049354438809,0.2692307692307692,0.0,0.0,0.0,0.0,0.0,0.0,0.0,546.0,0.0,546.0,0.0,147.0,0.0,399.0,0.0
baseline,8,60,0.7295940170940172,0.03621448184501331,0.7585148089023173,0.03334016651126912,0.9346491228070175,0.10783201952196238,0.8320454813961756,0.03970330989965626,0.5538324979114453,0.058274976223492606,7.266666666666667,8.65999743392315,34.733333333333334,8.65999743392315,7.45,12.292850225503713,106.55,12.292850225503713,0.0,0.0,0.0,0.0,0.30563670794169107,0.008115290465503553,0.11282766262690226,0.0011735756385985896,0.2692307692307692,0.0,0.0,0.0,0.0,0.0,0.0,0.0,546.0,0.0,546.0,0.0,147.0,0.0,399.0,0.0
baseline,9,60,0.7108974358974359,0.06260756686953114,0.7665182673463729,0.04538875718996488,0.8902046783625732,0.17296866357438268,0.8090532065819929,0.08115139910743019,0.5572055137844611,0.061851055564277654,9.416666666666666,11.416788320519723,32.583333333333336,11.416788320519721,12.516666666666667,19.71842764747963,101.48333333333333,19.718427647479626,0.0,0.0,0.0,0.0,0.3052066922187805,0.008334993247921961,0.11281882127126058,0.0010528944915068029,0.2692307692307692,0.0,0.0,0.0,0.0,0.0,0.0,0.0,546.0,0.0,546.0,0.0,147.0,0.0,399.0,0.0
baseline,10,60,0.730448717948718,0.04071774486482587,0.755488555978839,0.03337758379354456,0.9440058479532163,0.11183312275208121,0.8333789776010679,0.04639237822292078,0.5473997493734335,0.058711070270973935,6.333333333333333,8.651910514768144,35.666666666666664,8.651910514768144,6.383333333333334,12.74897599373726,107.61666666666666,12.74897599373726,0.0,0.0,0.0,0.0,0.30459635257720946,0.008431966426339534,0.11226819753646851,0.0023109141143054027,0.2692307692307692,0.0,0.0,0.0,0.0,0.0,0.0,0.0,546.0,0.0,546.0,0.0,147.0,0.0,399.0,0.0
cgan,1,60,0.5271367521367522,0.1684502147039539,0.8621080667485087,0.07237717536971981,0.4466374269005849,0.3185482631636379,0.5100192140421721,0.2763038709572589,0.5961361737677529,0.06537546931927811,31.316666666666666,11.436041953208967,10.683333333333334,11.436041953208967,63.083333333333336,36.31450200065472,50.916666666666664,36.31450200065472,5.3576014041900635,0.0,0.004160483678181966,0.002010139493210609,0.5025448441505432,0.17232373268209597,0.1164985458056132,0.006438321859183688,0.2692984084096245,0.00039986204056246155,98.0,72.26110064665959,266.0,197.00592207680796,364.0,269.26628703447693,910.0,269.26628703447693,546.0,0.0,147.0,0.0,399.0,0.0
cgan,2,60,0.5774572649572648,0.1864980412145713,0.819774266877777,0.13740051636193087,0.5723684210526317,0.3746638485154739,0.579756073579037,0.30597518592761624,0.5818191311612365,0.06951794073724854,24.833333333333332,15.242666724982506,17.166666666666668,15.242666724982506,48.75,42.71167873076402,65.25,42.71167873076402,5.355651378631592,0.0,0.004064122835795085,0.0019634533840871752,0.5123248219490051,0.1666045628635345,0.11780285835266113,0.0042773438583282655,0.2692984084096245,0.00039986204056246155,98.0,72.26110064665959,266.0,197.00592207680796,364.0,269.26628703447693,910.0,269.26628703447693,546.0,0.0,147.0,0.0,399.0,0.0
cgan,3,60,0.6783119658119658,0.12142031738082973,0.8006385003292531,0.06651692476547859,0.7850877192982456,0.27616258632250246,0.7480149014539957,0.18353184694090738,0.5867898913951546,0.07410159991580724,16.316666666666666,14.73826275002888,25.683333333333334,14.73826275002888,24.5,31.482534840765283,89.5,31.482534840765283,5.3652801513671875,0.0,0.00407870610555013,0.0019791004694359187,0.5195056239763896,0.16739348193117148,0.11840132872263591,0.004047336309844507,0.2692984084096245,0.00039986204056246155,98.0,72.26110064665959,266.0,197.00592207680796,364.0,269.26628703447693,910.0,269.26628703447693,546.0,0.0,147.0,0.0,399.0,0.0
cgan,4,60,0.5386752136752136,0.18327044027108366,0.8227526053566294,0.14984470586535004,0.49561403508771934,0.3741153513170837,0.5222385207765525,0.2996894952210331,0.5755847953216375,0.061985753161409515,27.533333333333335,15.370390004449753,14.466666666666667,15.370390004449753,57.5,42.64915005014754,56.5,42.64915005014754,5.354473352432251,0.0,0.004098057746887207,0.001999236922035818,0.5144383668899536,0.16518813045404487,0.11800623734792073,0.004282624930236615,0.2692984084096245,0.00039986204056246155,98.0,72.26110064665959,266.0,197.00592207680796,364.0,269.26628703447693,910.0,269.26628703447693,546.0,0.0,147.0,0.0,399.0,0.0
cgan,5,60,0.6024572649572649,0.14916990190877558,0.8396820980711325,0.06776612886779104,0.5988304093567252,0.3061217787336731,0.6353997491725125,0.23519724119925728,0.6055659983291561,0.05880635324933518,25.716666666666665,13.09337194495325,16.283333333333335,13.09337194495325,45.733333333333334,34.89788277563873,68.26666666666667,34.89788277563873,5.370307922363281,0.0,0.004068454106648763,0.0019837745381645505,0.5105616052945455,0.1665559634060832,0.11760227282842001,0.0039894849647006255,0.2692984084096245,0.00039986204056246155,98.0,72.26110064665959,266.0,197.00592207680796,364.0,269.26628703447693,910.0,269.26628703447693,546.0,0.0,147.0,0.0,399.0,0.0
cgan,6,60,0.6041666666666666,0.17222656327374486,0.8178253961890829,0.08538717361496398,0.6197368421052631,0.3464813271218467,0.628017057238803,0.2750326118233322,0.5908208020050126,0.06951842388952882,23.6,14.412032010326184,18.4,14.412032010326184,43.35,39.498871291890524,70.65,39.498871291890524,5.362224578857422,0.0,0.004143317540486653,0.002056474989609052,0.5142309625943502,0.16583719639745054,0.11820945342381796,0.004511506914367547,0.2692984084096245,0.00039986204056246155,98.0,72.26110064665959,266.0,197.00592207680796,364.0,269.26628703447693,910.0,269.26628703447693,546.0,0.0,147.0,0.0,399.0,0.0
cgan,7,60,0.7169871794871795,0.07800894020085221,0.7963326710372608,0.04861107362066177,0.8425438596491227,0.1775488941916148,0.8016967854914125,0.10540788460678714,0.6093671679197997,0.07290448035607111,15.8,11.132235474812175,26.2,11.132235474812175,17.95,20.240573937844086,96.05,20.240573937844086,5.370254993438721,0.0,0.004254261652628581,0.002032307186259702,0.5138384501139323,0.1665481617468935,0.11835392316182454,0.004022133615027843,0.2692984084096245,0.00039986204056246155,98.0,72.26110064665959,266.0,197.00592207680796,364.0,269.26628703447693,910.0,269.26628703447693,546.0,0.0,147.0,0.0,399.0,0.0
cgan,8,60,0.6893162393162393,0.09624259911511511,0.8049600001939052,0.06143079838148693,0.7902046783625729,0.22622562501182314,0.7669809966837137,0.14418042289847038,0.6028404344193817,0.07258842163935336,17.45,13.13065751082811,24.55,13.13065751082811,23.916666666666668,25.789721251347835,90.08333333333333,25.789721251347835,5.4179911613464355,0.0,0.004383365313212077,0.0021609860468048314,0.5170888304710388,0.1697188527990601,0.11882528066635131,0.0037988369760498493,0.2692984084096245,0.00039986204056246155,98.0,72.26110064665959,266.0,197.00592207680796,364.0,269.26628703447693,910.0,269.26628703447693,546.0,0.0,147.0,0.0,399.0,0.0
cgan,9,60,0.6044871794871794,0.16212711562764595,0.8348060211082953,0.07497560385656894,0.6116959064327484,0.33456553824476026,0.6306925365493333,0.25891806395085437,0.5983082706766918,0.06378235820211708,24.566666666666666,14.43071569796715,17.433333333333334,14.43071569796715,44.266666666666666,38.14047135990266,69.73333333333333,38.14047135990266,5.458397388458252,0.0,0.0041650136311848955,0.0019941370085184264,0.5226872523625692,0.16777817729476338,0.11853164037068685,0.0037639498670842576,0.2692984084096245,0.00039986204056246155,98.0,72.26110064665959,266.0,197.00592207680796,364.0,269.26628703447693,910.0,269.26628703447693,546.0,0.0,147.0,0.0,399.0,0.0
cgan,10,60,0.6364316239316239,0.1626070832910304,0.8155606811666295,0.08317926061923818,0.6808479532163744,0.3326674314558581,0.6743897770639918,0.25541762160529674,0.5983604845446951,0.07165981523571967,21.666666666666668,14.556403707265366,20.333333333333332,14.556403707265366,36.38333333333333,37.92408718596783,77.61666666666666,37.92408718596782,5.39758038520813,0.0,0.004108349482218425,0.0020036955486848165,0.5200259606043498,0.16947978406046746,0.11824561754862467,0.004447323519715282,0.2692984084096245,0.00039986204056246155,98.0,72.26110064665959,266.0,197.00592207680796,364.0,269.26628703447693,910.0,269.26628703447693,546.0,0.0,147.0,0.0,399.0,0.0
dcgan,1,60,0.7471153846153845,0.05305979791032436,0.7823355440140306,0.04666691365158426,0.9219298245614034,0.12799905900187608,0.8372961280859098,0.06374190487372039,0.5972744360902257,0.07566902855199356,11.45,10.121635243378414,30.55,10.121635243378414,8.9,14.591892726213871,105.1,14.591892726213873,4.812371492385864,0.0,0.002954244613647461,0.001340808051509666,0.5162957151730855,0.1648719831773791,0.11767856677373251,0.00417765444100519,0.2692984084096245,0.00039986204056246155,98.0,72.26110064665959,266.0,197.00592207680796,364.0,269.26628703447693,910.0,269.26628703447693,546.0,0.0,147.0,0.0,399.0,0.0
dcgan,2,60,0.7354700854700854,0.04419307613947014,0.7677634069797824,0.04152541805292555,0.9295321637426901,0.12273354805958649,0.8328765733295409,0.05578156400163394,0.5691311612364244,0.06681860730686051,8.766666666666667,9.709731658953759,33.233333333333334,9.709731658953757,8.033333333333333,13.99162447879286,105.96666666666667,13.99162447879286,4.808837652206421,0.0,0.0029605229695638022,0.0013367121339829921,0.5160087704658508,0.1657080518027725,0.11852728923161825,0.004261711882939355,0.2692984084096245,0.00039986204056246155,98.0,72.26110064665959,266.0,197.00592207680796,364.0,269.26628703447693,910.0,269.26628703447693,546.0,0.0,147.0,0.0,399.0,0.0
dcgan,3,60,0.744337606837607,0.024186627892434115,0.7620229724084651,0.03682541955861763,0.9555555555555555,0.07972113772141273,0.8442420393161052,0.02227322882349114,0.5632936507936509,0.0671600572231449,7.183333333333334,8.515655517274574,34.81666666666667,8.515655517274574,5.066666666666666,9.088209700241052,108.93333333333334,9.088209700241052,4.8369386196136475,0.0,0.002949674924214681,0.001338279945637742,0.5148433844248453,0.16622116163707695,0.11859559218088786,0.003969521287300908,0.2692984084096245,0.00039986204056246155,98.0,72.26110064665959,266.0,197.00592207680796,364.0,269.26628703447693,910.0,269.26628703447693,546.0,0.0,147.0,0.0,399.0,0.0
dcgan,4,60,0.7473290598290597,0.04292625491576046,0.7829653196798305,0.0494745514957954,0.9220760233918129,0.11923686573139909,0.838615823740743,0.04928743600517469,0.5975459482038429,0.0773839111102411,11.466666666666667,10.43146948207948,30.533333333333335,10.431469482079482,8.883333333333333,13.593002693379495,105.11666666666666,13.593002693379495,4.77926230430603,0.0,0.0029436349868774414,0.0013330306327297098,0.514228371779124,0.16681511524450757,0.11798867781956991,0.0044077070329295144,0.2692984084096245,0.00039986204056246155,98.0,72.26110064665959,266.0,197.00592207680796,364.0,269.26628703447693,910.0,269.26628703447693,546.0,0.0,147.0,0.0,399.0,0.0
dcgan,5,60,0.7405982905982906,0.021243228242113787,0.763747115396059,0.033269047410697444,0.9423976608187133,0.07467941583837324,0.8406383577690231,0.019962194826963885,0.5676274018379281,0.062346755265983,8.1,7.982689605222875,33.9,7.982689605222875,6.566666666666666,8.513453405574548,107.43333333333334,8.513453405574548,4.817915916442871,0.0,0.0029435555140177407,0.0013343377702854352,0.5150735100110372,0.16604142009946388,0.11823257605234781,0.0037663003328238065,0.2692984084096245,0.00039986204056246155,98.0,72.26110064665959,266.0,197.00592207680796,364.0,269.26628703447693,910.0,269.26628703447693,546.0,0.0,147.0,0.0,399.0,0.0
dcgan,6,60,0.7413461538461539,0.025609622864396685,0.7573075291137606,0.03060112529982716,0.9583333333333334,0.07639850662753433,0.8430622185075781,0.023977369518710188,0.5553571428571428,0.05778478270118354,6.4,7.479304780526062,35.6,7.4793047805260615,4.75,8.709429755538917,109.25,8.709429755538917,4.789831638336182,0.0,0.0029414494832356772,0.0013298083853013599,0.5124072869618733,0.16610108216377295,0.11818758646647136,0.004145141176729915,0.2692984084096245,0.00039986204056246155,98.0,72.26110064665959,266.0,197.00592207680796,364.0,269.26628703447693,910.0,269.26628703447693,546.0,0.0,147.0,0.0,399.0,0.0
dcgan,7,60,0.7356837606837607,0.04022602606050405,0.7602313679149709,0.03618996486370507,0.9442982456140351,0.11171532775644517,0.8360656385325359,0.0470119515575042,0.5568713450292399,0.06096133465822216,7.116666666666666,8.84890137562599,34.88333333333333,8.84890137562599,6.35,12.73554736423475,107.65,12.73554736423475,4.7940168380737305,0.0,0.002931396166483561,0.0013366894450366881,0.5092048645019531,0.16200676343464313,0.11716067393620809,0.0037523656178375894,0.2692984084096245,0.00039986204056246155,98.0,72.26110064665959,266.0,197.00592207680796,364.0,269.26628703447693,910.0,269.26628703447693,546.0,0.0,147.0,0.0,399.0,0.0
dcgan,8,60,0.7469017094017096,0.04034714831423772,0.7755816130048515,0.040637057428497755,0.9318713450292397,0.10759320136638482,0.840691307071969,0.041004867073124764,0.5883563074352548,0.06934210759069391,10.283333333333333,9.275580245401843,31.716666666666665,9.275580245401843,7.766666666666667,12.26562495576787,106.23333333333333,12.26562495576787,4.6824891567230225,0.0,0.002889712651570638,0.0013076736261432172,0.5070676366488139,0.16746474725845564,0.11673020124435425,0.004834588071518177,0.2692984084096245,0.00039986204056246155,98.0,72.26110064665959,266.0,197.00592207680796,364.0,269.26628703447693,910.0,269.26628703447693,546.0,0.0,147.0,0.0,399.0,0.0
dcgan,9,60,0.744337606837607,0.04397908802327421,0.7605330110628541,0.0406585287307305,0.9611111111111109,0.10155968803406272,0.8430420616637124,0.054355134671054066,0.5585317460317462,0.06799581307660231,6.55,8.57792710002442,35.45,8.57792710002442,4.433333333333334,11.577804435883149,109.56666666666666,11.577804435883149,4.834197759628296,0.0,0.002962946891784668,0.0013475181986725116,0.5145498156547547,0.16716481558787627,0.11912154754002889,0.0042547308314026385,0.2692984084096245,0.00039986204056246155,98.0,72.26110064665959,266.0,197.00592207680796,364.0,269.26628703447693,910.0,269.26628703447693,546.0,0.0,147.0,0.0,399.0,0.0
dcgan,10,60,0.7445512820512821,0.02395140932734779,0.7721574147167918,0.04135350346523917,0.9340643274853799,0.08192080273070922,0.8413913113728978,0.02117212587023754,0.5821115288220551,0.07246554374548318,9.666666666666666,9.09151008114469,32.333333333333336,9.09151008114469,7.516666666666667,9.338971511300851,106.48333333333333,9.33897151130085,4.844269514083862,0.0,0.0032275120417277017,0.0014494693900916021,0.5130906462669372,0.16590477878727697,0.11811812321345011,0.0038466956336444566,0.2692984084096245,0.00039986204056246155,98.0,72.26110064665959,266.0,197.00592207680796,364.0,269.26628703447693,910.0,269.26628703447693,546.0,0.0,147.0,0.0,399.0,0.0
oversample,1,60,0.6844017094017094,0.12531664183294397,0.7905853767139219,0.12290894352865854,0.7884502923976608,0.2708386504990595,0.7510232744493911,0.1995895429000149,0.5952172096908939,0.07947034142079965,16.883333333333333,14.100935745151414,25.116666666666667,14.100935745151414,24.116666666666667,30.87560615689278,89.88333333333334,30.875606156892783,0.0,0.0,0.0014530022939046223,0.0009382344210497419,0.5171130776405335,0.16639482265319758,0.11726534763971964,0.0044431689726578015,0.2692984084096245,0.00039986204056246155,98.0,72.26110064665959,266.0,197.00592207680796,364.0,269.26628703447693,910.0,269.26628703447693,546.0,0.0,147.0,0.0,399.0,0.0
oversample,2,60,0.7159188034188033,0.07714969882117378,0.7974211519312829,0.044953502913729126,0.8374269005847952,0.17747695000066802,0.7997211976298004,0.10933141436086116,0.6117690058479532,0.06312607061987915,16.216666666666665,10.527886249807645,25.783333333333335,10.527886249807645,18.533333333333335,20.232372300076158,95.46666666666667,20.232372300076158,0.0,0.0,0.0010101795196533203,0.00046373776298971127,0.5172831773757934,0.16859528472197996,0.11700152556101481,0.0041608007168224765,0.2692984084096245,0.00039986204056246155,98.0,72.26110064665959,266.0,197.00592207680796,364.0,269.26628703447693,910.0,269.26628703447693,546.0,0.0,147.0,0.0,399.0,0.0
oversample,3,60,0.6895299145299146,0.1004684858470746,0.7936306798359756,0.06152616118779488,0.8118421052631579,0.2382426911171242,0.7695527914079866,0.1490199720817588,0.5846908939014202,0.07032019831299159,15.016666666666667,13.554201890516788,26.983333333333334,13.554201890516788,21.45,27.15966678735216,92.55,27.15966678735216,0.0,0.0,0.0010004440943400066,0.00045656621331951146,0.5221684257189433,0.17379565982329137,0.11823710203170776,0.005441137917772774,0.2692984084096245,0.00039986204056246155,98.0,72.26110064665959,266.0,197.00592207680796,364.0,269.26628703447693,910.0,269.26628703447693,546.0,0.0,147.0,0.0,399.0,0.0
oversample,4,60,0.6920940170940172,0.1142091518550432,0.8091168703081126,0.06935877697739218,0.7956140350877193,0.2534885359899369,0.7631740480679717,0.1678246868278669,0.6033625730994153,0.0714731652508618,17.266666666666666,13.400082918483088,24.733333333333334,13.400082918483088,23.3,28.897693102852802,90.7,28.897693102852802,0.0,0.0,0.0010925134023030598,0.0005193790402563486,0.5231494386990865,0.17253988060132028,0.1195184588432312,0.0043718726562869585,0.2692984084096245,0.00039986204056246155,98.0,72.26110064665959,266.0,197.00592207680796,364.0,269.26628703447693,910.0,269.26628703447693,546.0,0.0,147.0,0.0,399.0,0.0
oversample,5,60,0.7122863247863248,0.0967650918322155,0.7896326807785716,0.058237742563724305,0.8562865497076024,0.21751374335649515,0.7929659486643753,0.1524293938536233,0.5888575605680868,0.07559470289939334,13.5,12.547908192204787,28.5,12.547908192204787,16.383333333333333,24.796566742640447,97.61666666666666,24.796566742640447,0.0,0.0,0.000996987024943034,0.0004534595533773816,0.5222969452540079,0.1686992433181756,0.11912099917729696,0.004133477194079879,0.2692984084096245,0.00039986204056246155,98.0,72.26110064665959,266.0,197.00592207680796,364.0,269.26628703447693,910.0,269.26628703447693,546.0,0.0,147.0,0.0,399.0,0.0
oversample,6,60,0.7009615384615384,0.07583656638894967,0.7955458897663282,0.05927845088904126,0.8255847953216373,0.2051087267483052,0.787009023530412,0.10058808522089727,0.5941416040100251,0.06275218540342266,15.233333333333333,12.797612624583104,26.766666666666666,12.797612624583104,19.883333333333333,23.382394849306795,94.11666666666666,23.382394849306795,0.0,0.0,0.0010215441385904949,0.0004644026255975726,0.5214612126350403,0.16934916562657604,0.1182363748550415,0.00433650240857212,0.2692984084096245,0.00039986204056246155,98.0,72.26110064665959,266.0,197.00592207680796,364.0,269.26628703447693,910.0,269.26628703447693,546.0,0.0,147.0,0.0,399.0,0.0
oversample,7,60,0.7104700854700854,0.08223442656905888,0.806845702860963,0.062479685327380824,0.8239766081871347,0.2046691727260235,0.7912317906218627,0.11052243741861269,0.6131787802840435,0.07514775158920747,16.9,12.948230252303466,25.1,12.948230252303466,20.066666666666666,23.332285690766682,93.93333333333334,23.332285690766682,0.0,0.0,0.0010203917821248372,0.00047252087139841744,0.5188691655794779,0.17130504373642935,0.11832360823949178,0.004487719161345172,0.2692984084096245,0.00039986204056246155,98.0,72.26110064665959,266.0,197.00592207680796,364.0,269.26628703447693,910.0,269.26628703447693,546.0,0.0,147.0,0.0,399.0,0.0
oversample,8,60,0.6956196581196582,0.10891458684203215,0.8046231074912246,0.06654179934609028,0.8067251461988304,0.2422120636259579,0.7691447520183522,0.16766140299619267,0.6003863826232246,0.06923309321481336,16.55,12.885941952375854,25.45,12.885941952375854,22.033333333333335,27.612175253359197,91.96666666666667,27.612175253359197,0.0,0.0,0.0010187228520711262,0.0004682026439712306,0.5212819457054139,0.1693012450567412,0.11900458733240764,0.004648568670018841,0.2692984084096245,0.00039986204056246155,98.0,72.26110064665959,266.0,197.00592207680796,364.0,269.26628703447693,910.0,269.26628703447693,546.0,0.0,147.0,0.0,399.0,0.0
oversample,9,60,0.711431623931624,0.07890512410377867,0.8042149798140218,0.05960945706521925,0.827046783625731,0.19414912939046752,0.7936738031802962,0.10826554454965873,0.6123329156223893,0.07400304576279175,16.7,12.38049541281231,25.3,12.38049541281231,19.716666666666665,22.133000750513297,94.28333333333333,22.1330007505133,0.0,0.0,0.0010443925857543945,0.0004911523950252854,0.5195490956306458,0.17212519767389925,0.1190831184387207,0.004306902355100251,0.2692984084096245,0.00039986204056246155,98.0,72.26110064665959,266.0,197.00592207680796,364.0,269.26628703447693,910.0,269.26628703447693,546.0,0.0,147.0,0.0,399.0,0.0
oversample,10,60,0.7121794871794873,0.07793757652045141,0.7902041560270219,0.050524529546968656,0.8485380116959064,0.1914470195308187,0.7989569325445572,0.10115388433675912,0.5953007518796993,0.06254696959758524,14.366666666666667,11.531069141912017,27.633333333333333,11.531069141912017,17.266666666666666,21.824960226513333,96.73333333333333,21.824960226513333,0.0,0.0,0.0010080337524414062,0.00046329817866346993,0.5189912796020508,0.169709270879329,0.11897453864415487,0.004433999997766808,0.2692984084096245,0.00039986204056246155,98.0,72.26110064665959,266.0,197.00592207680796,364.0,269.26628703447693,910.0,269.26628703447693,546.0,0.0,147.0,0.0,399.0,0.0
smote,1,60,0.7069444444444444,0.09505131192853275,0.8096188636017558,0.06167051055767833,0.8130116959064326,0.21894996710546083,0.7832869703717503,0.13468841108264631,0.616029657477026,0.07234065799109901,17.6,12.638829059687453,24.4,12.638829059687453,21.316666666666666,24.960296250022534,92.68333333333334,24.96029625002253,0.0,0.0,0.011937816937764486,0.00590847223950045,0.5176716566085815,0.1686418683312893,0.11873343388239542,0.003847640148103115,0.2692984084096245,0.00039986204056246155,98.0,72.26110064665959,266.0,197.00592207680796,364.0,269.26628703447693,910.0,269.26628703447693,546.0,0.0,147.0,0.0,399.0,0.0
smote,2,60,0.6848290598290598,0.10039893214940311,0.8152611753640197,0.0669640791955312,0.7707602339181286,0.23955810406413638,0.7582383694320696,0.14206365807906968,0.611173767752715,0.06637488347709533,18.966666666666665,13.44986575728133,23.033333333333335,13.44986575728133,26.133333333333333,27.309623863311547,87.86666666666666,27.309623863311547,0.0,0.0,0.01149908701578776,0.005552142559031797,0.5212198932965596,0.16755449661283386,0.11915924151738484,0.00432726853256331,0.2692984084096245,0.00039986204056246155,98.0,72.26110064665959,266.0,197.00592207680796,364.0,269.26628703447693,910.0,269.26628703447693,546.0,0.0,147.0,0.0,399.0,0.0
smote,3,60,0.689102564102564,0.1125269344629039,0.809007955263489,0.06270056351130056,0.7864035087719299,0.25237064680186144,0.7603783804381201,0.1608828313469183,0.605701754385965,0.0689174924270493,17.85,13.351435628176219,24.15,13.351435628176219,24.35,28.770253735412208,89.65,28.770253735412208,0.0,0.0,0.011452317237854004,0.005558499303726334,0.5203442891438802,0.17004099021449745,0.11806121667226156,0.0046767096015771946,0.2692984084096245,0.00039986204056246155,98.0,72.26110064665959,266.0,197.00592207680796,364.0,269.26628703447693,910.0,269.26628703447693,546.0,0.0,147.0,0.0,399.0,0.0
smote,4,60,0.6958333333333333,0.08895736955705105,0.8160298205802662,0.06503488180245239,0.7833333333333333,0.2125952191327741,0.7732786591500195,0.11699785584899866,0.6208333333333332,0.0757610802691962,19.25,12.968712349342937,22.75,12.968712349342937,24.7,24.235854981136246,89.3,24.23585498113625,0.0,0.0,0.011353015899658203,0.005502609524749344,0.5207948207855224,0.1707111735836285,0.11814871629079184,0.004125861097588823,0.2692984084096245,0.00039986204056246155,98.0,72.26110064665959,266.0,197.00592207680796,364.0,269.26628703447693,910.0,269.26628703447693,546.0,0.0,147.0,0.0,399.0,0.0
smote,5,60,0.719017094017094,0.06372932651630589,0.7978373097215473,0.04925556055736616,0.843421052631579,0.16310306096122634,0.8058195296386613,0.07863367186962167,0.6123851294903928,0.06160457238015754,16.016666666666666,10.588502674546996,25.983333333333334,10.588502674546996,17.85,18.5937489495798,96.15,18.5937489495798,0.0,0.0,0.011439243952433268,0.005549420878338798,0.5227457682291666,0.16976654633850302,0.11889621416727701,0.003903387286690714,0.2692984084096245,0.00039986204056246155,98.0,72.26110064665959,266.0,197.00592207680796,364.0,269.26628703447693,910.0,269.26628703447693,546.0,0.0,147.0,0.0,399.0,0.0
smote,6,60,0.6833333333333333,0.1084780048521741,0.8107084799073954,0.06657967840406472,0.7723684210526315,0.24844558825047477,0.7550672068983609,0.15725378738828918,0.6070175438596491,0.07150683103795578,18.55,13.624029017389338,23.45,13.624029017389338,25.95,28.322797060554123,88.05,28.322797060554123,0.0,0.0,0.011469046274820963,0.005585974562729076,0.519855817159017,0.16893693101424975,0.11925814549128215,0.00476574824954585,0.2692984084096245,0.00039986204056246155,98.0,72.26110064665959,266.0,197.00592207680796,364.0,269.26628703447693,910.0,269.26628703447693,546.0,0.0,147.0,0.0,399.0,0.0
smote,7,60,0.7096153846153845,0.06510224767060038,0.7934965026469948,0.05387309082328366,0.8374269005847953,0.1747168389248886,0.7985435561616036,0.08207255929928613,0.6000626566416041,0.06819375514562262,15.233333333333333,11.745022586421685,26.766666666666666,11.745022586421687,18.533333333333335,19.917719637437305,95.46666666666667,19.9177196374373,0.0,0.0,0.011822700500488281,0.005865106353261328,0.5248557209968567,0.16965986811484418,0.11939696470896403,0.004024394040046639,0.2692984084096245,0.00039986204056246155,98.0,72.26110064665959,266.0,197.00592207680796,364.0,269.26628703447693,910.0,269.26628703447693,546.0,0.0,147.0,0.0,399.0,0.0
smote,8,60,0.7018162393162394,0.08675180781799458,0.7962398194503583,0.055297031544752094,0.8217836257309942,0.2103891589439815,0.7854731293109578,0.11216951352804258,0.5989870509607351,0.06773880313937077,15.8,12.50439922587247,26.2,12.50439922587247,20.316666666666666,23.984364119613893,93.68333333333334,23.984364119613893,0.0,0.0,0.011753360430399576,0.0056577217585428415,0.5213123917579651,0.16999788681640318,0.11886489788691203,0.00451435437391386,0.2692984084096245,0.00039986204056246155,98.0,72.26110064665959,266.0,197.00592207680796,364.0,269.26628703447693,910.0,269.26628703447693,546.0,0.0,147.0,0.0,399.0,0.0
smote,9,60,0.7129273504273504,0.06273205514090677,0.7927445065030158,0.05389066558777567,0.8456140350877193,0.17547660407009275,0.8023102180233689,0.07675317720311424,0.5991959064327486,0.07239309901095686,14.816666666666666,12.252199349051129,27.183333333333334,12.252199349051129,17.6,20.004332863990577,96.4,20.004332863990573,0.0,0.0,0.011431495348612467,0.005576705495908986,0.5213032007217407,0.17038705109980815,0.11864400704701741,0.004456124688093278,0.2692984084096245,0.00039986204056246155,98.0,72.26110064665959,266.0,197.00592207680796,364.0,269.26628703447693,910.0,269.26628703447693,546.0,0.0,147.0,0.0,399.0,0.0
smote,10,60,0.7012820512820512,0.08571705770749115,0.7946380907052268,0.06013366636630662,0.8273391812865497,0.21255414500789105,0.7857220147251505,0.11501877994603964,0.593233082706767,0.07094360788997853,15.083333333333334,12.970854079649325,26.916666666666668,12.970854079649326,19.683333333333334,24.231172530899578,94.31666666666666,24.231172530899578,0.0,0.0,0.013607501983642578,0.00830871222565242,0.520006799697876,0.17051276097624615,0.11814767916997274,0.00430751855967041,0.2692984084096245,0.00039986204056246155,98.0,72.26110064665959,266.0,197.00592207680796,364.0,269.26628703447693,910.0,269.26628703447693,546.0,0.0,147.0,0.0,399.0,0.0
wgan,1,60,0.7360042735042736,0.035391962933006366,0.7688668649272371,0.04738044405020889,0.9305555555555555,0.11744007448643659,0.8344289279327397,0.04043991718946518,0.5692460317460318,0.0766124881097935,8.733333333333333,10.669062230997104,33.266666666666666,10.669062230997104,7.916666666666667,13.388168491453772,106.08333333333333,13.388168491453772,22.62931776046753,0.0,0.0030002196629842124,0.0013596489151787832,0.5216159582138061,0.16720138578512694,0.11847217480341593,0.003912801321443546,0.2692984084096245,0.00039986204056246155,98.0,72.26110064665959,266.0,197.00592207680796,364.0,269.26628703447693,910.0,269.26628703447693,546.0,0.0,147.0,0.0,399.0,0.0
wgan,2,60,0.7378205128205129,0.03663205885748854,0.7602741372109271,0.03616253071104297,0.9476608187134502,0.10379046151835018,0.8383879572889162,0.03919145496899398,0.5579573934837091,0.0638409891601945,7.066666666666666,8.835282803748969,34.93333333333333,8.835282803748969,5.966666666666667,11.832112613091919,108.03333333333333,11.832112613091919,22.58332371711731,0.0,0.002916256586710612,0.0013278913536270615,0.5202466249465942,0.16532499893208807,0.11813061634699504,0.003956898685206644,0.2692984084096245,0.00039986204056246155,98.0,72.26110064665959,266.0,197.00592207680796,364.0,269.26628703447693,910.0,269.26628703447693,546.0,0.0,147.0,0.0,399.0,0.0
wgan,3,60,0.7435897435897437,0.038049790327154116,0.7748663031863453,0.04581669298720198,0.929970760233918,0.10809413973811656,0.8384719983377528,0.04394286355467466,0.5838345864661654,0.0729932215877415,9.983333333333333,9.74250424115324,32.016666666666666,9.74250424115324,7.983333333333333,12.322731930145288,106.01666666666667,12.322731930145288,22.293715238571167,0.0,0.0028884410858154297,0.00131456330131529,0.516270657380422,0.16593898535086057,0.11735848983128866,0.004202217940330663,0.2692984084096245,0.00039986204056246155,98.0,72.26110064665959,266.0,197.00592207680796,364.0,269.26628703447693,910.0,269.26628703447693,546.0,0.0,147.0,0.0,399.0,0.0
wgan,4,60,0.7386752136752135,0.05743492762205241,0.7721696567891295,0.045090258432300585,0.9282163742690057,0.14034623225744552,0.8324112604570638,0.07185119833720444,0.5762113617376775,0.06793647955660817,9.416666666666666,9.95203775894945,32.583333333333336,9.952037758949448,8.183333333333334,15.999470477348789,105.81666666666666,15.99947047734879,22.280312299728394,0.0,0.002879063288370768,0.0013076333876107758,0.5134467164675395,0.16637890073238548,0.11667887369791667,0.004249136284565429,0.2692984084096245,0.00039986204056246155,98.0,72.26110064665959,266.0,197.00592207680796,364.0,269.26628703447693,910.0,269.26628703447693,546.0,0.0,147.0,0.0,399.0,0.0
wgan,5,60,0.7538461538461539,0.030094088703347444,0.7770848901429439,0.04134584860954202,0.9407894736842105,0.08110478120314772,0.8471792444294274,0.025106006309265582,0.593609022556391,0.07524600934501266,10.35,9.049539583131656,31.65,9.049539583131656,6.75,9.24594505715884,107.25,9.24594505715884,22.4238498210907,0.0,0.002868016560872396,0.0013031069298694502,0.5169448733329773,0.17070503122655076,0.11671406825383504,0.0045316135312078384,0.2692984084096245,0.00039986204056246155,98.0,72.26110064665959,266.0,197.00592207680796,364.0,269.26628703447693,910.0,269.26628703447693,546.0,0.0,147.0,0.0,399.0,0.0
wgan,6,60,0.7442307692307694,0.03202349222602382,0.7812315412427637,0.04964448253354024,0.9194444444444444,0.10968410747932036,0.8377099678103553,0.03392686237883903,0.594047619047619,0.07831768581937755,11.283333333333333,10.562656967932936,30.716666666666665,10.562656967932936,9.183333333333334,12.503988252642523,104.81666666666666,12.503988252642523,22.492514848709106,0.0,0.002875685691833496,0.0013078535185620948,0.5194289485613505,0.1727424574605846,0.11781675815582275,0.0048003003560438285,0.2692984084096245,0.00039986204056246155,98.0,72.26110064665959,266.0,197.00592207680796,364.0,269.26628703447693,910.0,269.26628703447693,546.0,0.0,147.0,0.0,399.0,0.0
wgan,7,60,0.7411324786324787,0.04047594588386071,0.774991633564539,0.04322700712094527,0.9244152046783626,0.11825406969379545,0.8359333621657907,0.04399445972374044,0.5840329991645782,0.06970393835497007,10.233333333333333,9.898428607051164,31.766666666666666,9.898428607051164,8.616666666666667,13.480963945092684,105.38333333333334,13.480963945092684,22.47539782524109,0.0,0.0029221375783284507,0.0013283928817747171,0.5203478376070658,0.16910096728059126,0.11893244584401448,0.0045678388852975794,0.2692984084096245,0.00039986204056246155,98.0,72.26110064665959,266.0,197.00592207680796,364.0,269.26628703447693,910.0,269.26628703447693,546.0,0.0,147.0,0.0,399.0,0.0
wgan,8,60,0.741880341880342,0.04377265961931368,0.7775924502108477,0.044814755497555404,0.9216374269005846,0.12349293270755662,0.835208221149603,0.05230277758942471,0.5878028404344195,0.06956829365482536,10.666666666666666,9.994442900376633,31.333333333333332,9.994442900376633,8.933333333333334,14.078194328661453,105.06666666666666,14.078194328661455,22.617090225219727,0.0,0.0033823251724243164,0.0016084644978942011,0.5194019794464111,0.17052165077087028,0.11921649773915609,0.004042600195463987,0.2692984084096245,0.00039986204056246155,98.0,72.26110064665959,266.0,197.00592207680796,364.0,269.26628703447693,910.0,269.26628703447693,546.0,0.0,147.0,0.0,399.0,0.0
wgan,9,60,0.7476495726495727,0.03895633767643395,0.7835400209715905,0.043709003801829745,0.9182748538011695,0.10960223168897672,0.8389727546695955,0.04204169759988789,0.6013993316624896,0.07247030576313047,11.95,9.728694670920659,30.05,9.728694670920659,9.316666666666666,12.494654412543346,104.68333333333334,12.494654412543346,22.36416459083557,0.0,0.003162225087483724,0.0014608967173400974,0.5205495794614156,0.16830671491439825,0.11929742097854615,0.004136605382503297,0.2692984084096245,0.00039986204056246155,98.0,72.26110064665959,266.0,197.00592207680796,364.0,269.26628703447693,910.0,269.26628703447693,546.0,0.0,147.0,0.0,399.0,0.0
wgan,10,60,0.7319444444444444,0.06489353528594433,0.790146258563204,0.054072510641723366,0.8859649122807017,0.17098139167274376,0.8192795628286296,0.08238378646775266,0.5999269005847954,0.06617438141607876,13.183333333333334,11.362939271548049,28.816666666666666,11.362939271548049,13.0,19.49187865069279,101.0,19.49187865069279,22.53114676475525,0.0,0.0029529333114624023,0.0013352685239499528,0.5184948523839314,0.1692459484228358,0.11902610063552857,0.004116657074683781,0.2692984084096245,0.00039986204056246155,98.0,72.26110064665959,266.0,197.00592207680796,364.0,269.26628703447693,910.0,269.26628703447693,546.0,0.0,147.0,0.0,399.0,0.0
